<?xml version="1.0"?>
<items><item><id>7</id><filename>2004_0420Image0003.JPG</filename><file_url>http://upload.wikimedia.org/wikipedia/commons/1/1a/2004_0420Image0003.JPG</file_url><metadata><size>not-defined</size><creation_date>14.02.2011-12:50</creation_date><mimetype>image/jpeg</mimetype><thumbnail_available>true</thumbnail_available></metadata></item><item><id>4</id><filename>800px-Allrad_autom_no.jpg</filename><file_url>http://upload.wikimedia.org/wikipedia/commons/thumb/4/44/Allrad_autom_no.jpg/800px-Allrad_autom_no.jpg</file_url><metadata><size>not-defined</size><creation_date>02.03.2007-10:03</creation_date><mimetype>image/jpeg</mimetype><thumbnail_available>true</thumbnail_available></metadata></item><item><id>93</id><filename>test.txt</filename><file_url>die/ressource/fehlt/test.txt</file_url><metadata><size>not-defined</size><creation_date>09.09.2009-09:09</creation_date><mimetype>txt/plain</mimetype><thumbnail_available>false</thumbnail_available></metadata></item><item><id>75</id><filename>musik.mp3</filename><file_url>https://www.google.de/#q=musik.mp3/</file_url><metadata><size>not-defined</size><creation_date>01.02.2013-14:15</creation_date><mimetype>audio/mpeg3</mimetype><thumbnail_available>false</thumbnail_available></metadata></item></items>
